Wallet,Telegram ID,SUM of USDT Allocation before Fees,SUM of USDT Allocation After fees,SUM of Deal Level Profit before fees,SUM of Deal Level profit after fees,Refund Already Done,Balance to be Paid,Next Tranche to be paid,,Don't Touch Column G
Zephyrus,Zephyrus,"11,229,178","10,554,467","-4,439,728.30","-3,765,017.60",,"-3,765,017.60","-376,501.76",,
Gemhead,Gemhead,"7,134,419","6,777,694","-3,417,560.95","-3,060,836.61",,"-3,060,836.61","-306,083.66",,
Chateau,Chateau,"6,502,893","6,175,605","-2,540,579.39","-2,213,291.35",,"-2,213,291.35","-221,329.13",,
DCI,DCI,"13,769,800","13,081,310","-2,136,611.10","-1,448,121.10","1,448,121",0.00,0.00,,
Armando,Armando,"3,613,948","3,433,250","-1,619,248.24","-1,438,550.00",,"-1,438,550.00","-143,855.00",,
Davey_Airey,Davey_Airey,"2,083,902","1,972,402","-1,513,312.59","-1,401,812.59","200,000","-1,201,812.59","-140,181.26",,
0xa81ace214b97d4b9c2072a934d0c4de486757538,horetore,"1,978,071","1,791,321","-1,284,711.44","-1,097,961.44",,"-1,097,961.44","-109,796.14",,
Esad,Esad,"1,167,211","1,111,630","-746,063.15","-690,482.40","46,820","-643,662.40","-69,048.24",,
0x895f18a11948d49c4d455ccfbe94ce0a75319273,senci123,"2,895,000","2,605,500","-844,499.40","-554,999.40","554,999",0.00,0.00,,
Runningtrips,Runningtrips,"1,082,367","993,720","-584,329.00","-495,682.00",,"-495,682.00","-49,568.20",,
brunomcf,brunomcf,"1,188,750","1,129,313","-525,387.23","-465,949.73",,"-465,949.73","-46,594.97",,
0x97e93c2992341049231ddd85ff9e6f55a3dd616d,Praveen2420,"1,027,100","924,390","-487,294.40","-384,584.40","350,000","-34,584.40","-3,458.44",,
0x84411e36f57516f3b359d9afbcada418f07bbccc,chachang25,"631,336","590,066","-424,625.36","-383,355.36",,"-383,355.36","-38,335.54",,
0xa77aba37ed35f2f85b23eb65eac9840b6c71d00b,Kyn199,"575,107","537,207","-396,886.55","-358,986.55",,"-358,986.55","-35,898.66",,
0x1a13ea2705c5d98518e1a93bd6d3ff30052ba5b1,Drzman07,"523,100","478,287","-270,429.32","-225,616.32",,"-225,616.32","-22,561.63",,
0x7eedb5b5668fe5a2cea074bcf34cfef5fa5cbeec,robertwin,"2,342,749","2,113,829","-443,650.19","-214,730.19",,"-214,730.19","-21,473.02",,
RiDx,RiDx,"368,196","341,070","-226,295.00","-199,169.00",,"-199,169.00","-19,916.90",,
CT_Director,CT_Director,"586,600","557,557","-210,388.02","-181,345.02",,"-181,345.02","-18,134.50",,
Ojadernogueira,Ojadernogueira,"249,996","232,496","-170,947.26","-153,447.56",,"-153,447.56","-15,344.76",,
0xd291e69d30563a3c6e97b188b70260aae033bbe3,slyze_eth,"190,000","171,000","-164,800.00","-145,800.00",,"-145,800.00","-14,580.00",,
0x96dff13c1e5d4b155ab1e74805614a61d2a9c43c,Ostricheggless,"340,529","321,550","-153,294.15","-134,315.15",,"-134,315.15","-13,431.52",,
0x8e250cf7ac398f202b285ebdbcb1a42d2503ce28,Fr88123,"1,862,000","1,675,800","-309,824.00","-123,624.00",,"-123,624.00","-12,362.40",,
0x8fe55f4ff0b60ea7fd6ccf7515786bc545b396bc,choowna,"506,100","465,490","-161,801.20","-121,191.20",,"-121,191.20","-12,119.12",,
0xe3197083c75ba9e9296c1db2d82ee8863e592783,bullrun23,"287,754","270,654","-132,774.23","-115,674.23",,"-115,674.23","-11,567.42",,
0x2215f0202106b6ba87479d9c796b6c4338119179,AntEscudero,"507,312","478,446","-125,603.62","-96,737.92",,"-96,737.92","-9,673.79",,
0xb27845d8a09e9d8ec21ceab2bfe851967fe529af,Ian Alex,"502,678","470,353","-126,044.25","-93,719.25",,"-93,719.25","-9,371.93",,
0xb869e63d6c1678dc1b73dd2bfdf1912fc1be6a33,iuga_13,"159,927","148,580","-104,539.80","-93,192.80",,"-93,192.80","-9,319.28",,
0x5d8be445769524be31c427b5702c0141fcf059d2,phoenix_9166,"110,607","105,287","-98,075.81","-92,755.81",,"-92,755.81","-9,275.58",,
Meet Godani,Meet Godani,"266,015","247,971","-110,609.24","-92,565.74","92,566",0.00,0.00,,
0x5b030c9f9bea9baad263bbdfac94805b517e2bf3,Saisback,"586,349","543,924","-128,791.97","-86,366.97",,"-86,366.97","-8,636.70",,
0x447ebc874814b93dc82619d6284b916ed27c5220,Vdleon,"182,000","165,960","-99,900.80","-83,860.80",,"-83,860.80","-8,386.08",,
Anandh AB,Anandh AB,"471,700","448,115","-100,393.45","-76,808.45",,"-76,808.45","-7,680.85",,
0x408bd1bad19acaf9dd1d97353cbc4edf17b61bf6,alex5214,"262,500","238,650","-76,003.20","-76,153.20",,"-76,153.20","-7,615.32",,
0x961f46e1bb0dd0a4bf9856b01747787e4ab6c930,konstantinn108,"125,000","112,500","-88,640.00","-76,140.00",,"-76,140.00","-7,614.00",,
Primelink,Primelink,"100,000","90,000","-83,800.00","-73,800.00",,"-73,800.00","-7,380.00",,
0x16bb857d8b69a1f349d695b2a9cc47e7a2908dc2,DiepLienTu123,"110,000","99,000","-78,590.00","-67,590.00",,"-67,590.00","-6,759.00",,
0xc631f43102401a24e336db30fb7be3a67c1ce000,LwLC1,"441,200","397,080","-106,432.40","-62,312.40",,"-62,312.40","-6,231.24",,
0xec7230815d35f385bbad5ea7c5a93c11067d8377,harsh3006840,"147,200","132,480","-74,093.22","-59,373.22",,"-59,373.22","-5,937.32",,
0x017d21a65a6f3f73f9646d2693bdf225c7e721a3,Cryptoroveryt,"88,000","79,200","-66,706.00","-57,906.00",,"-57,906.00","-5,790.60",,
0xf7ef4a3ab05d61317d2b37006c54229c8deb6b77,Sensei,"77,500","75,500","-59,500.00","-57,500.00",,"-57,500.00","-5,750.00",,
0x3dfe840869f6a11acc4c8c59a827671320549532,prestito44,"120,000","108,400","-67,980.00","-56,380.00",,"-56,380.00","-5,638.00",,
Hrithik,Hrithik,"175,000","166,250","-64,135.00","-55,385.00",,"-55,385.00","-5,538.50",,
Sjuul,Sjuul,"200,000","181,000","-73,525.00","-54,525.00",,"-54,525.00","-5,452.50",,
0x0b614445175c9df8fcd4deb2ae687edc3a703d80,catenavc,"65,000","58,500","-58,700.00","-52,200.00",,"-52,200.00","-5,220.00",,
0x7b8ee2338e834f007b9e8535a892eee0bc8014b8,Semagterberg,"66,800","60,120","-58,383.20","-51,703.20",,"-51,703.20","-5,170.32",,
0x79ed184b6f81e78d124175a8f0a029e2cd5a7b6d,metaverglas,"85,400","76,860","-59,804.00","-51,264.00",,"-51,264.00","-5,126.40",,
0xde825324625f395ce106dde4598072005b7ebe42,Rakib320,"111,200","102,252","-59,555.42","-50,607.42",,"-50,607.42","-5,060.74",,
0x589515c63e67648a5f37be876223ebadc638f7b7,CyptoNewbiie,"90,900","81,810","-57,927.60","-48,837.60",,"-48,837.60","-4,883.76",,
Sumit Kapoor,Sumit Kapoor,"647,370","625,000","-70,869.70","-48,500.00",,"-48,500.00","-4,850.00",,
0xb653894c8056c490dd9420be56169871711dbc49,Kyplo,"274,900","247,410","-74,593.30","-47,103.30",,"-47,103.30","-4,710.33",,
0x19efee7a42975db011beed419160121b18efbbc8,mistercryptotg,"67,500","60,750","-53,361.00","-46,611.00",,"-46,611.00","-4,661.10",,
0xe4ea89391408223a549ac4b02b79b7140a5c9c6b,tjnam0,"125,900","113,310","-58,040.90","-45,450.90",,"-45,450.90","-4,545.09",,
0xaaab28818f71c96e13518025cc063a1ca6f4fd58,alex_ccm,"181,700","164,530","-58,238.18","-41,068.18",,"-41,068.18","-4,106.82",,
Fepercigo,Fepercigo,"707,262","660,462","-85,914.29","-39,114.29",,"-39,114.29","-3,911.43",,
0xda6056602a2a4be2f6c2bd949061b4567a973de0,WCTNoah,"64,300","57,870","-45,254.20","-38,824.20",,"-38,824.20","-3,882.42",,
0x1d15068da17aa8a683bd01e94ac5868ae7b71ded,Wagmi1231,"50,000","45,000","-43,700.00","-38,700.00",,"-38,700.00","-3,870.00",,
0x8fb67ae2530243807209c46003191cbec29e729f,AdamDotEth,"335,700","302,130","-70,692.30","-37,122.30",,"-37,122.30","-3,712.23",,
0xab6f0b2b15690feea6b49413bd947d98d90cc88c,tycho14,"92,900","83,610","-44,471.00","-35,181.00",,"-35,181.00","-3,518.10",,
0x68b71c41b0a7dedc6d66540d5a61c00fae033d4c,mentorjymmy,"80,250","73,600","-40,402.50","-33,752.50",,"-33,752.50","-3,375.25",,
0x310ba68f32121479cb28c9656ba24e4664be954f,XenoCap,"46,000","41,400","-38,161.00","-33,561.00",,"-33,561.00","-3,356.10",,
0xfb841c31efbd1bff1945870b4fac6926a881c908,jassdream2,"74,000","66,600","-40,197.80","-32,797.80",,"-32,797.80","-3,279.78",,
0x9852e2482a532cd581fa4276ccdd725706e9aa57,official_jai96,"110,032","103,329","-37,959.93","-32,146.79",,"-32,146.79","-3,214.68",,
0x1e6cbf02ad6a344cb0b2a648945cbb8628fd2d31,nodevestor,"84,000","78,120","-37,909.20","-32,029.20",,"-32,029.20","-3,202.92",,
0xc5c6eb08ad5360fb028ed42e384bd7628d364c5d,Simon_925,"88,300","79,470","-39,596.50","-30,766.50",,"-30,766.50","-3,076.65",,
Crypto Panda,Crypto Panda,"50,000","45,000","-35,600.00","-30,600.00",,"-30,600.00","-3,060.00",,
0x83b18f8bd14b9b8ceb9f39baff2e807feb46909e,USUNG,"599,900","539,910","-89,701.70","-29,711.70",,"-29,711.70","-2,971.17",,
0xc9e82b672ae0a5555f2ed2c71e17645f04d65286,govindkamani007,"68,800","61,920","-36,335.20","-29,455.20",,"-29,455.20","-2,945.52",,
0x72f46b782f76ea0b063f120eebece9662903b1ba,tristan_vb,"79,500","72,435","-36,141.30","-29,076.30",,"-29,076.30","-2,907.63",,
0x6a347c4e16c945036bc0b1c3e1e97e2a2d6f506c,Qwerty_Ed,"46,675","43,575","-31,501.00","-28,401.00",,"-28,401.00","-2,840.10",,
0x779146d6ffa73a485906ca146ab9595537192df6,kor_manager,"40,000","36,000","-32,260.00","-28,260.00",,"-28,260.00","-2,826.00",,
0x11e465c310970d535bf61dd57095519ad38877ef,geniejinjin,"48,500","43,650","-32,984.00","-28,134.00",,"-28,134.00","-2,813.40",,
0x40cb1444968244d11c6a67bdb90cd62656f27ce0,iamnion,"73,000","65,700","-35,128.90","-27,828.90",,"-27,828.90","-2,782.89",,
0x25b4de9bd70d61c8d34486084e9623e06933f307,ThoaLt3009,"41,700","37,530","-30,907.20","-26,737.20",,"-26,737.20","-2,673.72",,
0xd829244e6827a2b5a7bacce2ad75f6ee76d33195,trader1pa,"41,000","36,900","-30,668.00","-26,568.00",,"-26,568.00","-2,656.80",,
0xfd6d3dac0e787a8ab01f5ab5f4a1c877790f27af,bosslmp75,"63,500","57,850","-31,010.00","-25,360.00",,"-25,360.00","-2,536.00",,
0xdf20e98c700c6142da2198fa9a347abe3791e2dc,xAtomsk,"258,400","232,560","-51,090.40","-25,250.40",,"-25,250.40","-2,525.04",,
PRTN @Mick_on_tech,PRTN Mick_on_tech,"40,000","37,000","-28,160.00","-25,160.00",,"-25,160.00","-2,516.00",,
0xf5dc13d635df266a24f4605bd31c1062bef383a5,bitexpert007,"57,800","52,020","-30,706.40","-24,926.40",,"-24,926.40","-2,492.64",,
0xb27db72622e9031574e9558cc2354bc508819051,kirangadakh_official,"34,500","31,740","-26,836.40","-24,076.40",,"-24,076.40","-2,407.64",,
0xe54261e2277ae9fe8e21c14e87152a33e496b88a,msdaan,"33,000","29,800","-26,880.00","-23,680.00",,"-23,680.00","-2,368.00",,
0xe819a4251b477f20156893c3a77dd8681a0c1f83,ac11k,"153,000","137,700","-38,916.00","-23,616.00",,"-23,616.00","-2,361.60",,
0xa98694257e305d291e2d4fa5f00aa71701ce0cae,Dutchie,"45,000","40,500","-27,990.00","-23,490.00",,"-23,490.00","-2,349.00",,
0x08ecdc088971f8e14b17991e0b8bc5f0bf67f7e1,Furkancelik003,"52,000","46,800","-27,900.70","-22,700.70",,"-22,700.70","-2,270.07",,
0xd724a8676f84df800640b7e712c96072b60cb9d5,McMadness,"90,350","81,590","-31,383.80","-22,623.80",,"-22,623.80","-2,262.38",,
0x2370CeF104632EDf6eF7DE15b32B74F74de0Ae45,Strongviking66,"98,000","88,200","-32,225.48","-22,425.48",,"-22,425.48","-2,242.55",,
0xf95ceb1dbeb00cd0c0d3ab6a1a4bd893019e4665,mrezmo,"57,400","51,660","-27,955.60","-22,215.60",,"-22,215.60","-2,221.56",,
0xbd9baf9175e2cc802c79c969605ad0c681dca310,profesore_eth,"193,000","173,700","-41,377.00","-22,077.00",,"-22,077.00","-2,207.70",,
0x66a927db4e8968381c1640f952a09994ed451747,Rocker4you,"58,600","52,740","-27,483.40","-21,623.40",,"-21,623.40","-2,162.34",,
Daku,Daku,"419,500","398,525","-43,699.50","-21,622.00",,"-21,622.00","-2,162.20",,
0x781fcc82750fa2338eade937cc6c885fa31ce247,khayal_all,"44,600","40,140","-26,067.20","-21,607.20",,"-21,607.20","-2,160.72",,
0xbc41f7fdc1d13ad936d3b3f7032ebdad002f1390,jadeja_sandeep,"58,000","52,200","-27,202.00","-21,402.00",,"-21,402.00","-2,140.20",,
0x77d3c62c5ebb36366ed3d695ae4138609978cdd8,Cryptoenthu1,"73,929","67,956","-27,353.82","-21,380.77",,"-21,380.77","-2,138.08",,
0x2d23c552134b8e270ac73bd41a594c91cfeea83b,Darksur_NFT,"81,800","73,620","-29,360.60","-21,180.60",,"-21,180.60","-2,118.06",,
0x84a1ac705b15b5c918882bdf52e93decbd82e9e8,Dusk_til_Dawn,"22,887","22,197","-21,790.35","-21,100.35",,"-21,100.35","-2,110.04",,
0xd063afbb4f7224563ec26240470cc41370d8057a,uncooLed,"31,800","28,620","-24,115.80","-20,935.80",,"-20,935.80","-2,093.58",,
0xf8de43e94763b740a1afa00775a4b309ca21d677,TheFVK,"51,000","45,900","-25,458.00","-20,358.00",,"-20,358.00","-2,035.80",,
0x36efaad9e2e933f46e37dd1150f046ec94fc4ef8,titedios,"40,000","36,000","-24,295.00","-20,295.00",,"-20,295.00","-2,029.50",,
0xf6f4281c3881da8a4b254d26f0e62954491d59e7,RS6699,"151,319","136,689","-34,546.70","-19,916.70",,"-19,916.70","-1,991.67",,
0x008e572bb71671f2f053072daec5fde3f12e6dcd,konstantin_cls,"35,000","31,500","-23,030.00","-19,530.00",,"-19,530.00","-1,953.00",,
Covey,Covey,"121,668","110,000","-30,868.00","-19,200.00",,"-19,200.00","-1,920.00",,
0xcd2b55688c038b79d6f041c63017fb992fbdc3ba,roiril,"63,300","56,970","-24,132.90","-17,802.90",,"-17,802.90","-1,780.29",,
0x07a280e8a764b0cb493c7c5652db248c828d2487,rraturi,"56,000","50,400","-23,213.00","-17,613.00",,"-17,613.00","-1,761.30",,
0x01673972a21fd1d0beddfbb6c2108805193491c8,brzsh,"76,000","68,400","-24,886.48","-17,286.48",,"-17,286.48","-1,728.65",,
0x977e6e931fb8a1f5b1349040c0b8631b795a4d93,Nicodemus22,"23,550","22,500","-18,112.38","-17,062.38",,"-17,062.38","-1,706.24",,
0xe0dfebf158aa13ccd95b13dc8cb2cc53af3c118a,sunnyburnwal,"25,000","22,500","-19,240.00","-16,740.00",,"-16,740.00","-1,674.00",,
Hanifa naana,Hanifa naana,"42,175","37,958","-20,052.74","-15,835.23","15,835",-0.23,0.00,,
0xf69c4bd64799e7e21829f15be99adee089a8d1c9,982174668,"42,000","37,800","-19,698.00","-15,498.00",,"-15,498.00","-1,549.80",,
0x488ad986f2f0eb1f75e8c96bcc55788e21b26a66,Merlijnthetrader,"20,000","18,000","-17,480.00","-15,480.00",,"-15,480.00","-1,548.00",,
0xf63c14de4c7fbb3a958282d2824b22ade9903718,cryptomaddy0,"37,500","33,750","-19,107.24","-15,357.24",,"-15,357.24","-1,535.72",,
0xfbf22faf90012e6edb0815ecb8673af4ab9b27cf,easymanuk,"64,200","57,780","-20,611.20","-14,191.20",,"-14,191.20","-1,419.12",,
0xa13ce38a8385b44b1686886481eb6fa65026551f,kanato,"45,000","40,500","-18,526.50","-14,026.50",,"-14,026.50","-1,402.65",,
0x6f6e678b7f113110ea4b39fd524781ef10a0444f,fmkonuk,"38,000","34,200","-17,777.00","-13,977.00",,"-13,977.00","-1,397.70",,
0xeb9ee33cd0af9b5eab32f4d657e448b1f9af1c82,availablejatt,"49,200","44,280","-18,665.70","-13,745.70",,"-13,745.70","-1,374.57",,
0xfac18020a4f147439abc744a64be565fe800ae42,kingslayar,"15,000","13,500","-15,000.00","-13,500.00",,"-13,500.00","-1,350.00",,
0x714b45b5c1a123329afc6a76b10a86de8bd1cb60,Cryptony,"40,100","36,090","-17,447.90","-13,437.90",,"-13,437.90","-1,343.79",,
0x90fc7c4c84501989d9d39a55ce53e9b3b4dcfcb9,leonardobitcoin,"81,500","73,350","-21,544.70","-13,394.70",,"-13,394.70","-1,339.47",,
0xcaead7a458295cd78c76bc1404e75984643cfc21,thanh_tx,"20,000","18,000","-14,960.00","-12,960.00",,"-12,960.00","-1,296.00",,
0x0b7abcd0a947ee625a898642ebe24bcdb3a1848a,monsam0612,"39,000","35,100","-16,716.00","-12,816.00",,"-12,816.00","-1,281.60",,
0xc0ab912ea624a0e8c367e8eae5a5bb22675264b5,AdriansCrypto,"44,400","39,960","-17,202.90","-12,762.90",,"-12,762.90","-1,276.29",,
0x763a81e277a64a5819acee11464780398735c2f1,ppettrov,"57,800","52,020","-18,071.30","-12,291.30",,"-12,291.30","-1,229.13",,
0x5eb8c60a31cc1b5f52c6a6c8e013a07510af6203,QDrome,"90,500","81,450","-21,318.98","-12,268.98",,"-12,268.98","-1,226.90",,
0x8e1e8aa0ded409aa6ca3e37e76239e3e3ff70bdf,xavierrobitaille,"20,000","18,000","-14,240.00","-12,240.00",,"-12,240.00","-1,224.00",,
0x33dcab82c6a76ded41a9d8410341460372f31afe,janez_2,"40,700","36,630","-15,976.10","-11,906.10",,"-11,906.10","-1,190.61",,
0x13bd216ba130877c0176520606829f2e121a8d1d,iAmInItFoRtHeTeChNoLoGy,"20,000","18,000","-13,880.00","-11,880.00",,"-11,880.00","-1,188.00",,
0xe3c91331f00f8325c88bb814507e436e9a9ddea0,jptrojan04,"26,500","23,850","-13,639.00","-10,989.00",,"-10,989.00","-1,098.90",,
0x5cb656d7605d9924c085fc859585f3ff2f7ad08f,jonnyrandy21,"32,500","29,250","-14,027.50","-10,777.50",,"-10,777.50","-1,077.75",,
0xae8ded6542149309bc99c86926813669a419a3ce,leonid8711,"36,800","33,120","-14,207.30","-10,527.30",,"-10,527.30","-1,052.73",,
0xecb57b2c7bff9df7ced2859137f07373dbc9770e,Arfy0786,"22,700","20,430","-12,717.20","-10,447.20",,"-10,447.20","-1,044.72",,
0xa042b5cd74f3ffdb6caf3eeab6078a6245bda2ea,snabelis,"23,500","21,150","-12,760.30","-10,410.30",,"-10,410.30","-1,041.03",,
0x7018b9ab744cd438de14e9186de43698a29a7aaa,Chiz3042,"16,300","14,670","-12,010.60","-10,380.60",,"-10,380.60","-1,038.06",,
0x9c5c806f02cfdc1038594d7f389b1555acc17b07,Brogan02,"36,700","33,030","-13,824.70","-10,154.70",,"-10,154.70","-1,015.47",,
0xe601043c33d78eaebc8e27e0436e7a0d11efe1b0,Rejinderi,"19,200","17,280","-11,744.40","-9,824.40",,"-9,824.40",-982.44,,
0x80d26f22d29b542f72c0167d98d6402261ba4405,Elcrypto87,"18,000","16,200","-11,196.00","-9,396.00",,"-9,396.00",-939.60,,
jve83,jve83,"9,381","9,381","-9,380.55","-9,380.55",,"-9,380.55",-938.06,,
0x769422551c977a89e2b7f1f2438f1cd26cb5d0c4,CryptoKobra,"19,856","18,506","-10,527.04","-9,177.04",,"-9,177.04",-917.70,,
0xaef30cd75ea84a7006815c3c349e0f3d8d46ea82,adamtheblackman,"60,000","54,000","-15,000.00","-9,000.00",,"-9,000.00",-900.00,,
0x6550e8d294802c55c7bbe8d8f1d5774d1689abe7,HG_27000,"41,900","37,710","-13,149.28","-8,959.28",,"-8,959.28",-895.93,,
0xf5a72ef81ece04537051edcf0e32852f641768ce,kbg59,"43,800","39,420","-13,254.90","-8,874.90",,"-8,874.90",-887.49,,
0xa56aed951389ffce2d76dbefe059c42798ea3b48,DiemBD,"50,500","45,450","-13,897.00","-8,847.00",,"-8,847.00",-884.70,,
0xc8f9087d7f5fee7a8f95f76a2a7827401911ad55,linfreelove,"375,000","337,500","-46,275.00","-8,775.00",,"-8,775.00",-877.50,,
0x8aadad0294998fa59e7e4b8f18ccc7db3ff6b797,mata1ng,"22,400","20,160","-10,581.20","-8,341.20",,"-8,341.20",-834.12,,
0x65a320f8164d9ae128f9a041bda892653e9174ed,jamess127,"22,200","19,980","-9,843.90","-7,623.90",,"-7,623.90",-762.39,,
0x5d47e5d242a8f66a6286b0a2353868875f5d6068,Pandario_ETH,"30,500","27,520","-10,329.20","-7,349.20",,"-7,349.20",-734.92,,
0x039255900459494dfc2ca8710801e06c2c870097,Gembuyer,"9,000","8,100","-8,082.00","-7,182.00",,"-7,182.00",-718.20,,
0x067f0881d1cdd929d21bd0deba31c1842de2b690,buitien10235,"14,700","13,230","-8,608.80","-7,138.80",,"-7,138.80",-713.88,,
0xda1001ca55f0524688b7419201064ab7650defcd,batdoko,"72,800","65,520","-14,346.80","-7,066.80",,"-7,066.80",-706.68,,
0xa8aef25b5c20cb1dc64a6c5373d703291b6cb011,thorexxia,"14,800","13,320","-8,343.40","-6,863.40",,"-6,863.40",-686.34,,
0x279aaad5395fee6ad9769f34ad8eff8061c237a6,Mohd7861,"12,828","11,768","-7,915.80","-6,855.80",,"-6,855.80",-685.58,,
0xb298d8ecdb73aad00d6c86bd55822a3a9d3c3e93,srigopalbhattad,"32,400","29,160","-9,934.20","-6,694.20",,"-6,694.20",-669.42,,
0x87d5fc5516295e6ba4e30498da8b4e8aa1668297,sluchainiychelovek,"8,900","8,010","-7,578.80","-6,688.80",,"-6,688.80",-668.88,,
0xf00c2a6623681148b15dd06297aea63c34c548a5,Jokerviet,"9,650","8,410","-7,877.00","-6,637.00",,"-6,637.00",-663.70,,
0x9cf5f58a84a6a92ceaafefe2ba9a76c3ab013cdd,shinypants2000,"17,400","15,660","-8,091.30","-6,351.30",,"-6,351.30",-635.13,,
0x9a59e2fcd0fc7453df2e5805c68bdf1c756f76bc,SuperMarioOG,"33,800","30,420","-9,722.30","-6,342.30",,"-6,342.30",-634.23,,
0x348ec25acde3238ce6ce7c0705258d7e0702363b,catbasilio,"44,900","40,410","-10,734.20","-6,244.20",,"-6,244.20",-624.42,,
0xb19f860979e7545a93dda04e8ba4335d1e33594a,alxbauer,"21,600","19,440","-8,323.20","-6,163.20",,"-6,163.20",-616.32,,
0x59a7cfc9fb901890e0b9c80933270d8b97c13529,mexl21,"10,000","9,000","-7,120.00","-6,120.00",,"-6,120.00",-612.00,,
0x09509947596530082844c4ca6e6f0c47fb7c05f8,sagar_sl,"11,100","9,990","-6,990.60","-5,880.60",,"-5,880.60",-588.06,,
RaulisUC,RaulisUC,"12,700","12,192","-6,116.32","-5,608.32",,"-5,608.32",-560.83,,
0x71990c8eb878c6f262b1dceefa1d70ab7f2fa140,RogerCrypto,"13,500","12,555","-6,339.00","-5,394.00",,"-5,394.00",-539.40,,
0xe7b36aabaa497551e8bca12c65cff0ffa0d169f0,Markus2804,"10,000","9,000","-6,220.00","-5,220.00",,"-5,220.00",-522.00,,
0x9136a6b985140d40c2a435a665a02c8381aab72d,VS8007,"20,200","18,180","-7,212.10","-5,192.10",,"-5,192.10",-519.21,,
Salmaan,Salmaan,"156,200","140,580","-20,714.73","-5,094.73",,"-5,094.73",-509.47,,
0x892147b72b81e61567f27c0c52c03eb174b21a26,swan2510,"6,500","5,850","-5,660.30","-5,010.30",,"-5,010.30",-501.03,,
0xc6428de660cdc5b009f2d44a446faccffd7812d1,inav_1,"41,500","38,463","-8,022.94","-4,985.94",,"-4,985.94",-498.59,,
0x468d578a1a94034d013639e70b8ec3906b01f714,DrRight,"13,100","11,790","-6,218.60","-4,908.60",,"-4,908.60",-490.86,,
0x390e744386c84fdbbb9c3cb5a46bd4407319929d,Nikolay442,"17,100","15,390","-6,602.40","-4,892.40",,"-4,892.40",-489.24,,
0xd3b6fd963b6f1b9d2bdd934908c85f57cc7b4a0b,MDShakibR_Nisstobdho,"17,100","15,390","-6,598.80","-4,888.80",,"-4,888.80",-488.88,,
0x4c9d4a1e35121ff9cf25bf6c3c91e034b2f46c1a,rubiconbenji,"7,500","6,750","-5,610.00","-4,860.00",,"-4,860.00",-486.00,,
0x9242f0864ff829a6c1598d7ab2f87ac22ca73754,nigelhow,"31,600","28,557","-7,710.40","-4,667.40",,"-4,667.40",-466.74,,
0x17ad8b3ab282cee382e155d56ce6d2ce0470292f,Stoicfrend,"12,100","10,890","-5,674.90","-4,464.90",,"-4,464.90",-446.49,,
0xd8f0262589ad086147784e9ae1d486a1292df535,KeepSmiling69,"9,500","8,550","-5,409.50","-4,459.50",,"-4,459.50",-445.95,,
0xe1d56da1a0e55938a0d55247dc4ce0edd15a8ac4,Guilhermeparisotto,"10,900","9,810","-5,491.00","-4,401.00",,"-4,401.00",-440.10,,
0xe83d8fd3ab8028105d397f242b655d783de27ca5,crypto_goos,"6,000","5,400","-4,961.40","-4,361.40",,"-4,361.40",-436.14,,
0x9758a81c01d9f67fc321811a4d3f6fbc8bc3366a,Twanniej,"37,000","33,300","-8,002.00","-4,302.00",,"-4,302.00",-430.20,,
0xada00bb713605da9c12ea006927e6b235c237e74,DW_Yo_Man,"5,800","5,220","-4,870.30","-4,290.30",,"-4,290.30",-429.03,,
0x77fcc17608eb06ffa8c6fc4e80ddae8c034270a4,Monselll,"20,100","18,090","-6,284.10","-4,274.10",,"-4,274.10",-427.41,,
0x0f8975b5a1b107f58e5f4988fa80fa8c9e8d09c5,radoudou,"26,283","24,273","-5,972.20","-3,962.20",,"-3,962.20",-396.22,,
0x11c3744e33e9076e9afe7c579ae124a4d7446f90,cfircoo,"18,900","17,010","-5,830.92","-3,940.92",,"-3,940.92",-394.09,,
0x199bded7d6ea0ec6f949abd21128e6f4d82c51c0,Casper3248,"15,900","14,310","-5,393.40","-3,803.40",,"-3,803.40",-380.34,,
0x2c833c363f75e3f24db9caed0c92157e73458b2d,Mynameishero41,"9,000","8,100","-4,374.00","-3,474.00",,"-3,474.00",-347.40,,
0x2db6e56c499278c309ff9d4bdc813638288170f1,leshagur,"9,700","8,730","-4,211.80","-3,241.80",,"-3,241.80",-324.18,,
0xf534ecafa3d1ea72ad39742d2dd36247871be365,express_p2p,"5,200","4,680","-3,704.20","-3,184.20",,"-3,184.20",-318.42,,
0x513b716f9cd5ea4b1c98892f9e6cb0aab64014d1,avinashtr,"11,400","10,260","-4,279.20","-3,139.20",,"-3,139.20",-313.92,,
0x4365dc447b52f33783fe95a4e71728fda7fd0419,tgeorge33,"5,000","4,500","-3,560.00","-3,060.00",,"-3,060.00",-306.00,,
0xc8babb84ce41389d8a07e5dda8f59c2b64a3689b,yagyeshjaiswal,"5,000","4,500","-3,560.00","-3,060.00",,"-3,060.00",-306.00,,
0xe36e4498696667b4aac9b42099bb2cbafc34836f,JoeyBryant,"5,000","4,500","-3,506.00","-3,006.00",,"-3,006.00",-300.60,,
0xa73dc7e307898429df8b46aabddb09a72d769e31,Ashokkumar18,"6,400","5,760","-3,637.32","-2,997.32",,"-2,997.32",-299.73,,
0x76516b63060d552af4a85024b08ea29e5244f436,MARJOK0,"7,900","7,110","-3,511.60","-2,721.60",,"-2,721.60",-272.16,,
0xde5e1c80f76aff1a05e223b53528103eba6ea4e5,xyzrayhan,"5,200","4,680","-3,239.80","-2,719.80",,"-2,719.80",-271.98,,
0x2e233a9f005dc0820358bf1c3652d031333d28bc,apesyu,"4,800","4,320","-3,193.50","-2,713.50",,"-2,713.50",-271.35,,
0x6e730909e96b00f8d3a2f0826844076dbeff730c,Jiber1sh,"4,700","4,230","-3,179.00","-2,709.00",,"-2,709.00",-270.90,,
0xec66606954e8e896628d5cec4aa25a5db96e3536,Romeo00013,"3,500","3,150","-3,041.00","-2,691.00",,"-2,691.00",-269.10,,
0x5c6178f926d7311d3340cd0a749ed3286322202f,rajib_kol007,"7,500","6,750","-3,384.30","-2,634.30",,"-2,634.30",-263.43,,
0x56798b7e41e0c169bc4297e71625d559b06c17c6,rdmhlsc,"11,600","10,440","-3,768.20","-2,608.20",,"-2,608.20",-260.82,,
Sohail,Sohail,"18,000","18,000","-2,480.00","-2,480.00","2,480",0.00,0.00,,
0xa1baed57e1982a100800a0a9e8862f732dc6db2d,Anakin6666,"8,700","7,830","-3,327.00","-2,457.00",,"-2,457.00",-245.70,,
0x1510df863e38c2d7c37918f9d9412ea58d56576b,doldol2e2,"5,000","4,500","-2,948.00","-2,448.00",,"-2,448.00",-244.80,,
0xb63fe3de4536d0cbeb5b3a6114799d6bcd35fa92,michaelyu300,"4,100","3,690","-2,845.40","-2,435.40",,"-2,435.40",-243.54,,
0x28fb0d5ca5ef912638889f8f6ede26225b2c78ef,DriesPriesStopcontact,"3,900","3,510","-2,803.80","-2,413.80",,"-2,413.80",-241.38,,
0x3ed07209844070255fee2dd01ef0c22284824802,twilly55,"3,700","3,330","-2,767.60","-2,397.60",,"-2,397.60",-239.76,,
0xd18179ee18f1de92372cf806c5be664845c17396,my_incognito,"11,900","10,710","-3,577.70","-2,387.70",,"-2,387.70",-238.77,,
0x7c31bb15003a90c91327031297c649f35aeb63ce,ONOUAGH,"13,700","12,330","-3,738.80","-2,368.80",,"-2,368.80",-236.88,,
0xb891c9c6cceef1946f829b9e2fdd8e4c84212ab0,Bruaxo,"8,950","8,055","-3,239.77","-2,344.77",,"-2,344.77",-234.48,,
Irfan,Irfan,"11,132","10,019","-3,442.16","-2,328.98","2,329",0.00,0.00,,
0x22aab43f287554875b70a441256a9bae5e601bcf,masajeed,"6,800","6,120","-2,966.90","-2,286.90",,"-2,286.90",-228.69,,
0x16cc024fcfcffd8f9fe7dd82754d27464950de3a,RadicalStaking,"13,000","11,700","-3,584.92","-2,284.92",,"-2,284.92",-228.49,,
0x5ee7a6b9ea05677b3a960dd135c37694b308bbca,vanhoc272229,"6,200","5,580","-2,870.00","-2,250.00",,"-2,250.00",-225.00,,
0x73bd851a57ec9e656d5e59b3ffaa03ad90b970bb,SylvanNL,"3,800","3,420","-2,502.20","-2,122.20",,"-2,122.20",-212.22,,
0x5686832562ac66d74f127fc2b0dd83f9785238a6,Kieranlee,"17,900","16,110","-3,897.80","-2,107.80",,"-2,107.80",-210.78,,
0x7abe7e64d9fb8f970662c1c8ed997a5d8f41382c,kurtus50,"7,200","6,480","-2,817.00","-2,097.00",,"-2,097.00",-209.70,,
0x22f400c20cac2430cf838c4f93167f8f395225f1,R_e_d_n_a_s,"4,000","3,600","-2,488.00","-2,088.00",,"-2,088.00",-208.80,,
0x038858cd28dd5b64ca76e66720ef81abefab9598,jincoz,"7,900","7,110","-2,804.20","-2,014.20",,"-2,014.20",-201.42,,
0x3288aac3d1cc68f092d77955050e128d9b4b864d,MrMemeKnight,"4,100","3,690","-2,422.40","-2,012.40",,"-2,012.40",-201.24,,
0x25612e8bd7683de22da45d717d0493b0e96424b4,honmashinsei,"10,500","9,450","-3,048.36","-1,998.36",,"-1,998.36",-199.84,,
0xd4ccd38da3f3eee4e5466e6ba09f59e4970153a1,viren689,"7,000","6,300","-2,680.00","-1,980.00",,"-1,980.00",-198.00,,
0xab35f3f92323b300656d078f9a676a35d5775d38,madvstl,"3,000","2,700","-2,244.00","-1,944.00",,"-1,944.00",-194.40,,
0xfbd15cab0c34c1ef1b611c5afe1f5393437f810c,NguyenKimTuan,"3,000","2,700","-2,244.00","-1,944.00",,"-1,944.00",-194.40,,
0x8d6dd83b5d15df4d43881e63bbe72c586bc124f1,naveen2014,"87,900","79,110","-10,707.00","-1,917.00",,"-1,917.00",-191.70,,
0x79066851b62be16634752061f63c40f49b14df06,ninjamurasaki,"15,000","13,500","-3,390.00","-1,890.00",,"-1,890.00",-189.00,,
0x18353112effab06ad3da3fb8237f5ec199b13518,rst035,"6,400","5,760","-2,520.10","-1,880.10",,"-1,880.10",-188.01,,
0x2dde67ae84e230c4db81b11d02f6fa2c14aac0f9,mikevn,"26,600","23,940","-4,533.80","-1,873.80",,"-1,873.80",-187.38,,
0xe088d1aaa21de55f40012adecafffd07626732db,TheRider01,"10,500","9,450","-2,902.20","-1,852.20",,"-1,852.20",-185.22,,
0x319a641449fe284aa9cf347fb2d104741dbcd30c,sachincw360,"2,000","1,800","-2,000.00","-1,800.00",,"-1,800.00",-180.00,,
0xd2bada7e25a27a27dfe834b02028b9dc99cece2c,CVX_team,"6,000","5,670","-2,122.04","-1,792.04",,"-1,792.04",-179.20,,
0x5c2920e641b845e8ce3cce314f1eefb27c7fe872,Jv99vn,"11,000","9,900","-2,882.00","-1,782.00",,"-1,782.00",-178.20,,
0x7f0b21e3194ebbc0020de093066fc7621c4854c9,HristomirGenov,"3,000","2,700","-2,082.00","-1,782.00",,"-1,782.00",-178.20,,
0xffafb327f274c38202adc0758a22f90ddba206e5,Adnan_shakib,"2,400","2,160","-2,022.00","-1,782.00",,"-1,782.00",-178.20,,
0xffdcf04b5f6657d501ca35baaa49265a9b60c8bd,garlicdevs,"5,600","5,040","-2,257.40","-1,697.40",,"-1,697.40",-169.74,,
0x63b6710591b5b3c78c9539b39313c13d4992ddad,ThinhLe1219,"2,500","2,250","-1,907.80","-1,657.80",,"-1,657.80",-165.78,,
0x26bd1a2d21d1d0f796067e751bd9145bd3bd40d3,bradmanguy,"5,800","5,220","-2,224.30","-1,644.30",,"-1,644.30",-164.43,,
0xba99a0deea0e0a893463f136887e5c9cbb8ca73e,josjimal,"2,100","1,890","-1,839.90","-1,629.90",,"-1,629.90",-162.99,,
0x5DaB3705f235f9D8423180C6Fd6C55a6F56FeEe5,Lowcaphodler,"10,500","9,975","-2,121.00","-1,596.00",,"-1,596.00",-159.60,,
0x85548541a003211f11ab45175e0d6b819d842844,cryptosk17,"3,000","2,700","-1,866.00","-1,566.00",,"-1,566.00",-156.60,,
0x906464a7a4564c1f9472084230c7e289ce79b9a6,stepnalien,"2,500","2,250","-1,735.00","-1,485.00",,"-1,485.00",-148.50,,
0x1afa516fa7c4590ce3c0e6f43c43c45f418d7808,topboyea,"3,100","2,790","-1,760.80","-1,450.80",,"-1,450.80",-145.08,,
0xde7d742f5a8b310f44b5717a0f7703c47b5ebf3b,wt3699,"2,500","2,250","-1,659.40","-1,409.40",,"-1,409.40",-140.94,,
0xc5e1436aa97dfbda1524e1d1c87801c3494c8409,aguilasalvaje,"7,000","6,300","-2,041.90","-1,341.90",,"-1,341.90",-134.19,,
0x48863523e2d42c0e62c0ea26f6b8b4491690b3df,kulwindersingh87,"3,700","3,330","-1,701.10","-1,331.10",,"-1,331.10",-133.11,,
0xcf66f0e7a29ee9e8ad8d83736a64b07b0d9b06f8,Cioran_Gabriel_Iancu,"2,400","2,160","-1,568.40","-1,328.40",,"-1,328.40",-132.84,,
0xca5c0ff91c8b50fea024f5a92ec4e0a290976304,GrishaGrigorov14,"15,500","13,950","-2,877.50","-1,327.50",,"-1,327.50",-132.75,,
0xa61db946c777b47030e39b9e8f9347d0d9cd6b12,Cryptoking212119,"4,600","4,140","-1,758.70","-1,298.70",,"-1,298.70",-129.87,,
0xc250ab608ccf10f1036f7bb83135716f1a3e3fb1,Fatballs696,"2,000","1,800","-1,496.00","-1,296.00",,"-1,296.00",-129.60,,
0x37c7221220caff3bcbec960401403400e0e813d0,AirdropStudio12,"27,800","25,020","-4,042.70","-1,262.70",,"-1,262.70",-126.27,,
0x17aa24bdba0b9f81a9c19d08a593e5b4120b060f,dealttt,"180,000","162,000","-19,260.00","-1,260.00",,"-1,260.00",-126.00,,
0x533c4d93ef0d072dcd733c8b76edf287e791cf1b,Mr_Holder,"1,400","1,260","-1,400.00","-1,260.00",,"-1,260.00",-126.00,,
0x19a43f1759911ca887d1fe7a0923394fbe47f100,ChafeNixon,"3,200","2,880","-1,545.80","-1,225.80",,"-1,225.80",-122.58,,
0xbd1a1768308140d0d7e5ead7177cde21bd756377,cryptomania29,"11,100","9,990","-2,333.10","-1,223.10",,"-1,223.10",-122.31,,
0x542a564a62c47ac3831e922c14a5d0e1ca147d99,Mattcwu,"52,200","46,980","-6,427.80","-1,207.80",,"-1,207.80",-120.78,,
0xe86dc59222e61735f1553ecc36117bc97014c834,Boss_CryptoPros,"1,800","1,620","-1,384.20","-1,204.20",,"-1,204.20",-120.42,,
0x8ba5e36a7da642ce12e788d99551f4f02293a543,twovan182,"2,000","1,800","-1,388.00","-1,188.00",,"-1,188.00",-118.80,,
0xdfc287f01ae39a4a3a255ac20d0e55f7432a0909,supersabbir,"2,000","1,800","-1,388.00","-1,188.00",,"-1,188.00",-118.80,,
0x8f3a5edf65ca82321cb5fbc05fd8d06b5ae55d3b,7542973310,"1,800","1,620","-1,310.40","-1,130.40",,"-1,130.40",-113.04,,
0x4c5d8840cbf9584861d0831861fecf77955fe024,Donbruinsma,"1,600","1,440","-1,251.70","-1,091.70",,"-1,091.70",-109.17,,
0xce100d94ea22aab119633d434bdeea26f4244d1a,roxor97,"1,700","1,530","-1,196.00","-1,026.00",,"-1,026.00",-102.60,,
0x07c0bd6c90c0bea67c8ee2cb096f4bb17b7a5f90,lucian8000,"1,500","1,350","-1,163.40","-1,013.40",,"-1,013.40",-101.34,,
0xad11b7c28196ab04c90e2b30ba7203b0bc482d6e,balrogdxb,"2,100","1,890","-1,192.80",-982.80,,-982.80,-98.28,,
0x7097dddbc8336cfb8ef2ffd388efcb6a0ab9cdc6,sainathg,"1,500","1,350","-1,122.00",-972.00,,-972.00,-97.20,,
0x48f54069e86cd88a981d2f04b9858846a838bac9,Tom B,"1,700","1,530","-1,111.40",-941.40,,-941.40,-94.14,,
0x9014c0aa041d637ed64d022bf237112a6b550532,Iraess1,"2,000","1,800","-1,136.00",-936.00,,-936.00,-93.60,,
Kaybee,Kaybee,"3,640","3,355","-1,214.46",-929.66,,-929.66,-92.97,,
0x98f0c7e6c3ddde15eae193d5e782b9066139a1ef,Zahid,"6,000","5,675","-1,245.42",-920.42,,-920.42,-92.04,,
0x76f332ad39c6c94f729bcde2d69b8d9a86775ab3,asiburr18,"2,900","2,610","-1,204.40",-914.40,,-914.40,-91.44,,
0xd0446fc51298a280bdc6ab362b7d4f80cbfcc42a,Ezlifeman,"1,000",900,-874.00,-774.00,,-774.00,-77.40,,
0x29e433a7da5ed6cdb2678bb0b4bda234ea2703fa,zelja22,"2,500","2,250","-1,017.70",-767.70,,-767.70,-76.77,,
0x5ece768b5f6c5248c52c6790f8e2258f79c09fb9,fahim012,"1,500","1,350",-897.00,-747.00,,-747.00,-74.70,,
0xc0d9f731737027e57076b2cd4e794ee942c31810,MdSalimKhanShuva,"2,000","1,800",-946.10,-746.10,767,20.90,0.00,,
0x91efa577830e5e23e398afa352ba8152bc71bf5f,dd101264,"3,700","3,330","-1,106.20",-736.20,,-736.20,-73.62,,
0x1eeec196f89fee8352a3869db727b6103a0db3d7,Devil_561,"1,500","1,350",-860.10,-710.10,,-710.10,-71.01,,
0x486d5c12202e042f2c8483fd8346a6bf09cd90d5,G_Mickey,"1,500","1,350",-852.00,-702.00,,-702.00,-70.20,,
0xca098b9d1b1d995ed0055dfb551142d94644d33d,waaromdan,"4,900","4,410","-1,190.20",-700.20,,-700.20,-70.02,,
0x41d43ea3416d23fca245407b5b474423ea2fdd69,lesscitizen,"6,200","5,580","-1,317.50",-697.50,,-697.50,-69.75,,
0x8b63b27bfcdf06e03b189c36d60e61168a92b7cc,elcintr,"2,700","2,430",-966.60,-696.60,,-696.60,-69.66,,
0x4cc6802796e549de6870a87ae9a01775766161f5,silvraz,"2,200","1,980",-911.20,-691.20,,-691.20,-69.12,,
0x506d0199ec8f7c0b698a9a92c1a40eea89344f9d,Alamin143,"6,400","5,760","-1,312.30",-672.30,,-672.30,-67.23,,
0x7286aa037a38a85c6e719369557ec41bada9cf16,D3n1m1,"2,900","2,610",-954.20,-664.20,,-664.20,-66.42,,
0x33d2d5df5dc6cbfd73f375858994ef33c7fa77d1,Crypto_san_69,"2,500","2,250",-912.40,-662.40,,-662.40,-66.24,,
0xf8e92d5337afcc002519a248eb326e59c6958692,rushi2121,"2,300","2,070",-889.70,-659.70,,-659.70,-65.97,,
0xf1abbf41d0def7a53fbd066b8ee9f002402a006d,sakhaowat0,"1,500","1,350",-798.00,-648.00,,-648.00,-64.80,,
0x04eb4564d3da94a883c220d5104b6bc61719f038,kuldeepbohra,"4,400","3,960","-1,082.42",-642.42,,-642.42,-64.24,,
0x32262d01a147124525deaa6bcd86d0c8f3b030c0,chrislynx25,"1,700","1,530",-803.60,-633.60,,-633.60,-63.36,,
0x1edad11a8d1a0417e90ab30c32b24605b2f2720a,aquafina68,"1,200","1,080",-746.40,-626.40,,-626.40,-62.64,,
0xd866178e5ee4313eb0460bfd47bd479dadfdaea7,Sanjit0011,800,720,-699.20,-619.20,,-619.20,-61.92,,
0xd2bebf12f10ef670081ce06ee8c73e0a14c06665,anish9389,"2,300","2,070",-839.30,-609.30,,-609.30,-60.93,,
0x28515f429262738764a02ec00cdb940820eaef79,richardak,"1,200","1,080",-723.00,-603.00,,-603.00,-60.30,,
0x8930feb786941763aa772f6fec057c7a704f9afa,mariodecentralized,"1,800","1,620",-777.60,-597.60,,-597.60,-59.76,,
0xa8cd46a4520266c79199e634f55dcc9f0ac4bbd5,trustdipto,"1,500","1,350",-735.00,-585.00,,-585.00,-58.50,,
0x6e0e4feea03e277b1431205572eb107b1275bd9f,Cryptoheistfounder,"22,508","20,928","-2,163.66",-583.66,,-583.66,-58.37,,
0x86b07875cb6eddea30730957df6638abb86f4889,magnator,"5,600","5,040","-1,139.60",-579.60,,-579.60,-57.96,,
0x9c573f78a91c712d0dc8260cff26baf19c2db01f,jonshon123,"2,200","1,980",-788.80,-568.80,,-568.80,-56.88,,
0x567eee4347f9d62c7ac50c365a76df73a211891b,Jsteve197,"2,100","1,890",-762.60,-552.60,,-552.60,-55.26,,
0xdfa8af3c0aa7560af45d536b4038ff8689d7aa99,sebastianqq,"1,500","1,350",-691.80,-541.80,,-541.80,-54.18,,
0xf363b614cd6536f2191ac6bf3bbdfc4030ed94da,Craigw73,"2,000","1,800",-727.40,-527.40,,-527.40,-52.74,,
0x1aa6f6ee511ddbeadc2f64e02a332a7eada80aec,yanhyong,"10,400","9,360","-1,562.90",-522.90,,-522.90,-52.29,,
0x181c763d35b9b0f0fc014fd6fdbae7af8352a806,Monkey_d_Xebeck,"2,000","1,800",-704.00,-504.00,,-504.00,-50.40,,
0x2112bf290ea1745a2eeabe9697d4f520e9cd38e0,Riday8923,900,810,-594.00,-504.00,,-504.00,-50.40,,
0x791d704b2dff2c3ac93f53a975bb3243654b300b,MoAmir6969,"2,000","1,800",-704.00,-504.00,,-504.00,-50.40,,
0x8c70b3c064e7a5fcd74a2a4abd56e37ed45944a9,bennyb84,"4,000","3,600",-895.00,-495.00,,-495.00,-49.50,,
0x7f195731e794333295cc8a79359f12df3ba3756a,clijay,"1,000",900,-580.60,-480.60,,-480.60,-48.06,,
0x38cf4d85c212475ce2c17bfa804b49dd0fd89909,prateeksmalhan,"1,000",900,-568.00,-468.00,,-468.00,-46.80,,
0xa57e7c40545ed9d8a19a2b9b974bedc30256df16,docnonu,"3,350","3,015",-800.30,-465.30,,-465.30,-46.53,,
0xa4a5d32f537264d8759e8e007fd410c4dc55a00d,xelthus,700,630,-523.60,-453.60,,-453.60,-45.36,,
0x04abd0f134b05887910a28ddf833b5214f6d5e93,lokiz12,500,450,-500.00,-450.00,,-450.00,-45.00,,
0x51394c8134ad29a6f76795c195246f0fa337c6a8,Cryptosingh70,500,450,-500.00,-450.00,,-450.00,-45.00,,
0xae47dc7f07dbcdbd487eb34c63c12e181f750581,Jatin1498,500,450,-500.00,-450.00,,-450.00,-45.00,,
0xbaba55af21e34f5209a83086c5c0156532a8d168,tieptran,"5,000","4,500",-950.00,-450.00,,-450.00,-45.00,,
0xf8b7a4c47efb5c7da9388cef8396af0191eba37a,pubghackerarc,800,720,-497.60,-417.60,,-417.60,-41.76,,
0x16ec5ee1cc431ca95de00b6c88d21d0b4d3fc2a6,jatinhota,"7,100","6,390","-1,073.60",-363.60,,-363.60,-36.36,,
0xdf469e4d3c2b3e87c0b1c3ee6a9b1106343b338e,zayn0308,"2,500","2,250",-610.00,-360.00,,-360.00,-36.00,,
0x8a3e9e5339c4eabd5ea0205eecd47a35a33a4775,6817055820,500,450,-374.00,-324.00,,-324.00,-32.40,,
0x04947b4b0ec31944775e5aa67469218af7822f1e,frengkicalvinus,500,450,-347.00,-297.00,,-297.00,-29.70,,
0xa81dec13c216ebf48e38dee23cabe36e6aa049b9,himanshu_admin,500,450,-347.00,-297.00,,-297.00,-29.70,,
0x86124bf33e036ae7e896f9c79c13911ed142f5a3,yapollock,700,630,-363.40,-293.40,,-293.40,-29.34,,
0x9fc909f0c91729d8c5440607e23483122d608257,Thuat,"4,000","3,600",-670.00,-270.00,,-270.00,-27.00,,
0x21912c57d89591da9c9d67f5aa36844117309fee,PrimeXBTC,500,450,-311.00,-261.00,,-261.00,-26.10,,
0x5873d37c2edaaafc4e1c77a9785eb827560c320a,Mr_Paperhand,500,450,-311.00,-261.00,,-261.00,-26.10,,
0x92d3d444955a0ff8f828c961242ff6d345a8403b,MDBiplobHosen,500,450,-311.00,-261.00,,-261.00,-26.10,,
0xe5ce82336ad56d67f0f1c1a14730c6baa3db33da,AndrejAbro,500,450,-311.00,-261.00,,-261.00,-26.10,,
0xc92bc4995ec172cae2596e1732cf398bfd6cea35,MujahidAirdrop2,"3,500","3,150",-584.90,-234.90,100,-134.90,-23.49,,
0x56e51e07984eee9fc7430c780f428d29b7c0c4d7,Omercanog,700,630,-264.40,-194.40,,-194.40,-19.44,,
0xcb8b4fa0d347f838a7fe03808b6e9a2716618ed5,lootdealpaytm,200,180,-200.00,-180.00,,-180.00,-18.00,,
0x47a1c47166cfad4dc73416a3d086fd7cd0b7f561,Bahay2,"2,600","2,340",-429.92,-169.92,,-169.92,-16.99,,
0x76cb6aa93ef4f5843883a8137e73d739e0eb2746,hr916154036,800,720,-242.00,-162.00,,-162.00,-16.20,,
0x218a9e414b1b527b8ac78da44813026f4a70480b,harsh134567,300,270,-170.40,-140.40,,-140.40,-14.04,,
0x7b75bc70b928472856047fdef0d08d5b5816aefd,Jacob_Meyer,500,450,-189.50,-139.50,,-139.50,-13.95,,
0x2d4147d96691430ee710660ac6512f101ea4c851,Thr33Dotz,"2,100","1,890",-342.30,-132.30,,-132.30,-13.23,,
0x7992701b42d33f00773a56599aed2b65f9c000b3,imanhartani,200,180,-149.60,-129.60,,-129.60,-12.96,,
0x7bcc551cdb5ec33144f945ed6541dd9c0a6a5d56,joeyjojoshabudu,200,180,-149.60,-129.60,,-129.60,-12.96,,
0xf74b393e40c5d70698da8db08afcd8cf3bf8eb17,mrmijanm7,200,180,-144.20,-124.20,,-124.20,-12.42,,
0xb1030120e5a786dc11f8eb72530a89e5f6de47d8,michamgd,400,360,-151.60,-111.60,,-111.60,-11.16,,
0x6ba604ce34ac47fd8227bc982959a23716b1fcac,cascade_121,500,450,-158.00,-108.00,,-108.00,-10.80,,
0x98853c847208bc76532496d49a5d337aaf07ae2d,numbnoodle,"7,300","6,570",-825.40,-95.40,,-95.40,-9.54,,
0x6df825db707799919e140fbc3654605cb8de5f48,ShutdownMinusR,200,180,-113.60,-93.60,,-93.60,-9.36,,
0xf938365513b9ee2bce97f349fbf6ae7061ede621,7491619832,200,180,-102.80,-82.80,,-82.80,-8.28,,
Siddique chacha,Siddique chacha,500,450,-131.00,-81.00,81,0.00,0.00,,
0x43dd7b9f2f41807806f73b86a2f5ccd509ec7822,Emira2022,500,450,-122.00,-72.00,,-72.00,-7.20,,
0xa12acebcadcf56ce9aaf376bcb7ece7ca3ade02e,stozabozo,500,450,-122.00,-72.00,,-72.00,-7.20,,
Sura Bhabhi,Sura Bhabhi,"1,500","1,350",-208.86,-58.86,,-58.86,-5.89,,
0xca50c71f0d9d00e7d075b3c72ee7a272e32baaf7,borderctp,"1,200","1,080",-166.80,-46.80,,-46.80,-4.68,,
0x157ca9dcc26be365d9b4639520008f1933349871,srimanoo,800,720,-113.30,-33.30,,-33.30,-3.33,,
0x73598518c64c8ce8ea78e17172df0aba94a7bb91,Jamysworld,"5,800","5,220",-601.60,-21.60,,-21.60,-2.16,,
Shabana zaina,Shabana zaina,500,450,-69.62,-19.62,20,0.00,0.00,,
Nasir Zaina,Nasir Zaina,202,182,-28.16,-7.94,8,0.00,0.00,,
0x2fcbcd755638552269ac034ef7f7c075e77b0a2e,abdullaarrafi,"3,300","2,970",-330.90,-0.90,,-0.90,-0.09,,
0x51965d82c867a9898c4773e8b5467b6d1220710a,Asahraou23,"5,900","5,310",-590.00,0.00,,0.00,0.00,,
0x03578bdef2585b1710f604e8b1df241c7cb21087,Aash2027,"20,000","18,000","-2,000.00",0.00,,0.00,0.00,,
0x0ab9c6dda978a08a1c2642449a26e4910865d7d5,Ghamdiadam,"1,000",900,-100.00,0.00,,0.00,0.00,,
0x10e3548d1eecfd9d362907a776aade51cad297e9,Tolga03Celik03,"1,000",900,-100.00,0.00,,0.00,0.00,,
0x11cbcd2f39195e133701bb95c069dadd01efbc03,brzi_1,500,450,-50.00,0.00,,0.00,0.00,,
0x23ad9b737d46e61db7d89e42c23e8043896159b0,Simon347,500,450,-50.00,0.00,,0.00,0.00,,
0x26c397bb1abcfcc3155cfebf1687a6e784cba811,Smikey7,"3,000","2,700",-300.00,0.00,,0.00,0.00,,
0x392cbc1ae927be340aa6bc6a0edcec085e88d232,gagandeepkalra,"3,200","2,880",-320.00,0.00,,0.00,0.00,,
0x3b1aeea1c8e8f627d0411ebd2f3b655ed0fdb7e4,Dreamcopenhagen,500,450,-50.00,0.00,,0.00,0.00,,
0x4973f639949193f295bdfb164f287e46268302d1,therecaonlybe1,"1,500","1,425",-75.00,0.00,,0.00,0.00,,
0x57d12d73e2a581ac37886abb513d7620ad07d9bb,Arish5533,"8,100","7,290",-810.00,0.00,,0.00,0.00,,
0x5a500a9ebdbb07f88a233b7c1dadb1c1e82dd72b,ayooluwam,500,450,-50.00,0.00,,0.00,0.00,,
0x6918b541f5d37e8d3cecd19acc041399f1362a80,Alphadudes,500,450,-50.00,0.00,,0.00,0.00,,
0x6AA5Bbf2164e9E0c36535F7F910F59B7fcC62aCB,mo_raje,500,450,-50.00,0.00,,0.00,0.00,,
0x7537695ab06cd58cf8915017d1c30331d4093330,SonofSultan,"1,300","1,170",-130.00,0.00,,0.00,0.00,,
0x886f136d699ebf04e06038183c445578e69acc6f,bhavyagrawal123,500,450,-50.00,0.00,,0.00,0.00,,
0x8f58e1e01b8c277d9610498979e5e0051bb31051,cbboy01,"1,200","1,080",-120.00,0.00,,0.00,0.00,,
0x90cf53198e7554fa98c6e7af39868b1a5324df6f,shreeshenoy,"1,000",900,-100.00,0.00,,0.00,0.00,,
0x91ca4eef8d793df14aa136a36cfb3912279c60bc,bobbobby,"5,500","4,950",-550.00,0.00,,0.00,0.00,,
0x9d6d254287922f9a96b23b2b9f74c735c9f655cf,Limit_MM,"3,500","3,150",-350.00,0.00,,0.00,0.00,,
0xaf0f5755aeed8d9cf993159f8b8ce1b3fd8a5cad,DimitarKurdelov,600,540,-60.00,0.00,,0.00,0.00,,
0xbfdfd57da9cae840fc46f7f5d5bb401935097cdc,himel234,500,450,-50.00,0.00,,0.00,0.00,,
0xc8065f8bc82fff695d47530b9a9ade32d2255f83,__uyp__,600,540,-60.00,0.00,,0.00,0.00,,
0xcbf41ea45f90ed01a5b57dd54a5d0238f5391deb,chava2007,500,450,-50.00,0.00,,0.00,0.00,,
0xce91f738cfec45eb79f8e552ac70f6fc3c9b4217,christianmenke,"1,200","1,080",-120.00,0.00,,0.00,0.00,,
0xd793f919d749b3e5ea425a644f4c14a2ee7c8cff,zaghadon,"1,100",990,-110.00,0.00,,0.00,0.00,,
0xf16108a0347c6669f703afef24f56a38e30da384,tyghhhhh,"16,000","14,400","-1,600.00",0.00,,0.00,0.00,,
0xf4c6e60347c1cda188c3f364abf4ed66c5132d2d,btcchartsmart,500,450,-50.00,0.00,,0.00,0.00,,
0xfce6312555dc009ddadff31b67a83fc888adb38a,Sebastien160,"10,000","9,000","-1,000.00",0.00,,0.00,0.00,,
0xFEeDfe9c2aCb949Ef80b0fa714E282D66Bd2f955,adion1,500,450,-50.00,0.00,,0.00,0.00,,
Blockchain_sail,Blockchain_sail,"1,000",900,-100.00,0.00,,0.00,0.00,,
FlyingEagle888,FlyingEagle888,"2,000","1,800",-200.00,0.00,,0.00,0.00,,
Shameem,Shameem,"1,500","1,350",-150.00,0.00,,0.00,0.00,,
TeamGB,TeamGB,"5,000","4,500",-500.00,0.00,,0.00,0.00,,
0x1a7352cac180d756b67519beffade4290c0c3514,Sm_572,"5,000","4,500",-491.00,9.00,,,,,
0x98317a5d9ca0d41e20c838c3ea25aa672a3d9c38,a202020202020202020,500,450,-41.00,9.00,,,,,
0xce77411b863525da42ca313db1cbf8a31dc9ddcd,muhammed20162018,"1,900","1,710",-181.00,9.00,,,,,
0x2c0e5393548315c86a5733081b491ab46eb40cc4,khayrul660,200,180,-9.20,10.80,,,,,
0x9d2c87f55ace54b382912c3754fbf879e237dbee,nkiggs,200,180,-9.20,10.80,,,,,
0xcbac7b6f7af8026e22a5dc085dd90e4ab5127e31,Guy00100,"2,100","1,890",-195.60,14.40,,,,,
0xaa8022378e05edef7b693a26bcd31ee52b1161d6,sohan_xyz,400,360,-18.40,21.60,,,,,
0x98939f3b05bd16ca4993cddb05966d8f592cbace,Jamesbond0007sol,"3,300","2,970",-297.60,32.40,,,,,
0xbfcff3aa2579219ea47bbdc783d3e5afb2174895,rajdest17,500,450,-14.00,36.00,,,,,
0xd70944fa6c5bba9a9ffa0c639a0e1606964cffb7,AR9474273301,500,450,-14.00,36.00,,,,,
0x0cabef0aaeed312bd450cbbb042046229cbd06db,htomaz,"1,500","1,350",-109.50,40.50,,,,,
0xb59cf5d30e6bc99fad040d606794a61caf41d4c8,cryptohunter2002,"2,600","2,340",-215.90,44.10,,,,,
0xab48bafe349ff133f2848d114771c66efda71ed8,MLoongChew,"11,100","9,990","-1,061.36",48.64,,,,,
0x4cbbd8ee69b07844f77ed895bfa8f3cc393d3270,Kamrul00,"1,000",900,-46.00,54.00,,,,,
0xef0468d11919435d9fe5c5177d90df22a783e08a,ankiitnallwa,"1,000",900,-46.00,54.00,,,,,
0x6964615093fa77ea26a4959eea82cbea57fac7c7,Snrydn,500,450,8.50,58.50,,,,,
0xb4721e01eb007904f3846db9c80aaf586861d5b0,ibrahim2025,500,450,8.50,58.50,,,,,
0x8edfe21296a9dd81a991b75a8af6342c2d9e77fa,cryptoclubswiss,"2,300","2,070",-163.40,66.60,,,,,
0xcf27ec1d1f03b43b6b1e21af9808bc1566d5c2a0,DJkrupt108,"1,000",900,-32.50,67.50,,,,,
0x7f767233b40bf991fa5317768674ad21bbdca54b,Redkwhite,200,180,59.20,79.20,,,,,
0xa0c06868948d82f0228be64c758f795a3acbf70d,Julietsu,"1,000",900,-19.00,81.00,,,,,
0xc91492ae901fce2e69cfe6dede65b016746ae4dd,sarvan01,"1,700","1,530",-83.60,86.40,,,,,
0x0f190180861875d79b57700747377ddae8bd2570,Vinhdao,"5,000","4,500",-410.00,90.00,,,,,
AdharshO,AdharshO,"5,000","4,650",-257.00,93.00,,,,,
0x3e3c725397c0c11084110947f6c524f093cbdb31,Cryptosaure,"1,500","1,350",-55.50,94.50,,,,,
0xaa40a46f9d3b71179992e59e48e539741f175483,r_o_c_k1,600,540,55.20,115.20,,,,,
0x7f4cfd75873954a5f6d2b56251f6aa14d35472d7,weskelalen,"3,300","2,970",-211.20,118.80,,,,,
0xfbd7837211fc10cbc6c98ba5811db01455b3aec2,MiddleAgedDegen,"24,500","22,050","-2,315.00",135.00,,,,,
0xe5bef182c957cde09ceb70c3566c1e6ea911ff14,onchain_guy,"1,500","1,350",3.00,153.00,,,,,
0x49446ec48967497bfac4b11b8f8c8e20b63b3f6d,Ogun_erd,"15,500","13,950","-1,394.30",155.70,,,,,
0xea90b4e6a3531cedb371ae8fbc0a6b6a1a7ccd06,milanssharma,400,360,118.40,158.40,,,,,
0x5ea617fed16185736c42d3f572c536905fc6ef28,TonyArthur,500,450,125.50,175.50,,,,,
0xaeef90244fa070e0e3e73ac2aac407074923141a,RaedBouafoura,500,450,125.50,175.50,,,,,
0x3ca0a120dace3099d71040d0f08c36515b4b8e96,MXP_Rayo,"2,100","1,890",-28.20,181.80,,,,,
0x218c56f591abc69c40e96a10e7b69c62c2c406ee,Jorge_PF,"1,900","1,710",18.80,208.80,,,,,
0xf7b9e0300ee440c25d8df3321edc53d8200cc634,Web3jalapeno,600,540,150.60,210.60,,,,,
0xba2d66c7778f8d2d03347d9a3a45da7ec855b818,amnaya11,"41,000","36,900","-3,843.50",256.50,,,,,
Surjit,Surjit,"6,028","5,426",-341.48,261.36,,,,,
0xe08d5ea1f08b64d128ed258ef8e9bf1dab25d20c,SupremeFatality,"5,000","4,500",-230.00,270.00,,,,,
0xdf975ee78c0fe59edf9062259a6c8484b2c87507,AusAlex8,"1,000",900,201.50,301.50,,,,,
KariPuji,KariPuji,500,450,265.00,315.00,,,,,
0x5474abf06b08a151dfa2c1ac9c4eb91ad76510ee,crypto2028,"1,000",900,251.00,351.00,,,,,
0x19404fe0ea1baf2f261025fe4b1da1fee367d252,nonpareilgem,"4,000","3,600",-26.50,373.50,,,,,
0x0be6be7f73b267386eabfac4628125c86c850196,Redant7,"2,000","1,800",205.00,405.00,,,,,
0xcfab787c611064457591efc426bf85365b0505fd,Plexiflexi,"1,000",900,345.50,445.50,,,,,
Biswajit,Biswajit,"5,000","4,500",-27.50,472.50,,,,,
0x0abfb23c84265b546f0e8a2f682ffa78b6e98156,jebos,"7,200","6,480",-230.40,489.60,,,,,
0x7f575706bca4f5ed0ae2b1829721b45873c9d749,Mukeshsahu0702,"1,000",900,462.50,562.50,,,,,
0x15246f0ab34a148fddd6c8ab383979b4bc8b8cac,ADARSHBOI,800,720,497.80,577.80,,,,,
0xc4d2b1a28fa2a019e269079acdb73d174b09a60d,mr_monicle,"23,500","21,150","-1,744.30",605.70,,,,,
0xd29ff4cdb291c4bc9c7db5fbcacd08b51a48b503,ashxgemss,"1,200","1,080",506.40,626.40,,,,,
0x06a82f30e32d7e30638e6018435859853e8e2d5e,itsmeprateek20,"5,000","4,500",166.00,666.00,,,,,
0xa58e911d29b23c6fbfd94d5e822b8e940391a8d2,seeksahib,"19,000","17,100","-1,234.00",666.00,,,,,
0x9df9ae3572cea1dfeaa942efda21260e33ba8485,egma03,"1,000",900,584.00,684.00,,,,,
0x975a84fd2d3b8a554dba7b83b84862152d92e378,uchiha3785,"9,200","8,280",-189.20,730.80,,,,,
0xdf74afb1a98682d0163000beaa91a40b2fb04b5e,obi_coinobi,"2,000","1,800",592.00,792.00,,,,,
0xcc99ab61268c3c5f0e04946d18b5696d1df98b99,pizzerio,"15,000","13,500",-690.00,810.00,,,,,
0x7a5ee74414213611378dbbcc40f64b58c3d2a46b,harsh1906,"4,000","3,600",473.00,873.00,,,,,
Vaibhav,Vaibhav,"9,990","8,991",-55.17,943.83,,,,,
0xe94787de52a262cb579f70b94a8fbb17f822d740,DearDerya,"22,200","19,980","-1,264.20",955.80,,,,,
0x539771b3b1c5cffe6b243eb4413ec814786beab8,clarkeeth,"1,500","1,350",876.00,"1,026.00",,,,,
0x9c32aa8c2c9073f08b7184adccf290350c0c2adf,ED1981,"16,900","15,210",-661.30,"1,028.70",,,,,
0x0c8cf8d1bfe196f59593123b807d101f6f5560de,gjihanda,"2,000","1,800",844.00,"1,044.00",,,,,
0x35af718f553c52fd50d9588bb4f0c52dabc3a7ec,btcninvest,"4,000","3,600",644.00,"1,044.00",,,,,
0xa8affaaa871a9ade0bd2cd70eaee68bb444de87f,rosouza,"1,900","1,710",934.10,"1,124.10",,,,,
0xed01eec66dbbbd05fd43f2b340614dc7b62786ce,aloisbh,"2,200","1,980",928.40,"1,148.40",,,,,
0x68feb44bb2c1f6421bbf35eecb3869b10121cc62,dalimhalla,"1,800","1,620","1,009.80","1,189.80",,,,,
0x3d0d2b7ce092bfdbb02e1ae1e904d16459613776,frenchman6799,"1,100",990,"1,186.90","1,296.90",,,,,
0x0bddf4e169c35b77186c6ce1c987408689c4634d,ikhaled24,"3,300","2,970",976.80,"1,306.80",,,,,
Cryptourist,Cryptourist,"3,750","3,488","1,272.00","1,534.50",,,,,
0x9f4625288fb381f74285ba84230403ce4b8a6c1d,celboz,"4,400","3,960","1,189.00","1,629.00",,,,,
0xf1efda10e9ba6c83f1f09cd083d44ee5ad12e78d,pranav10,"5,700","5,130","1,093.20","1,663.20",,,,,
0x111b46246ba9bf46ef15dca39ab7775897271951,plavika,"5,000","4,500","1,166.80","1,666.80",,,,,
0x0766053f1db632a0b29c5cbed33f12ee2875823c,Cem_990,"10,800","9,720",633.06,"1,713.06",,,,,
0xd349c1917ce21fa087caceae73991a790d311e00,InfamousDegen,"10,900","9,810",626.66,"1,716.66",,,,,
0x251d0114fb022c9618df06bae6c91639667d44c9,rompenade,"18,100","16,290",-46.90,"1,763.10",,,,,
0xedddb1e0e35af3479d03a1499cb11a3fcc5fcb28,therealkop,"6,100","5,490","1,374.50","1,984.50",,,,,
0x5a84bed1e932f5aac1fc7088285a2858055b2a15,suprass,"41,700","37,530","-2,138.70","2,031.30",,,,,
0x6890bbb9137a3ad0fd0f337c952140200aabbcf7,OrderTHC,"6,000","5,400","1,506.00","2,106.00",,,,,
0x95075d42bac3e8c080c0937a0f524ca28bdcda33,the_zmb,"5,800","5,220","1,716.80","2,296.80",,,,,
0xf5d7cf833d229ac4ba99b02088d32a028a3a7a17,dubbelup,"20,000","18,000",340.00,"2,340.00",,,,,
0x80ab692b9c542fa2d34c638d2672f5d3d0eedc20,mahabirblue,"23,000","20,700",67.00,"2,367.00",,,,,
0x33d8c2a5f0be3c6f1fff099dbad2e71f6f4c0367,bcawer,"3,500","3,150","2,044.00","2,394.00",,,,,
0x1429ae34844b7dc55e33817f8b42085b49afe453,smeIIy,"18,300","16,470",626.10,"2,456.10",,,,,
0xe3d5e3a0189c739c5a72a6de2c5fc3858fe65b9c,suleman75,"3,300","2,970","2,224.20","2,554.20",,,,,
0x200998f1c6bb56b100752c9334dd445c7d0740c3,bthdbitcoin,"7,900","7,110","1,787.60","2,577.60",,,,,
0xc0d3a8d939d8653f0fd8fe7a0646dd3884293466,Darkec,"31,500","28,350",-468.00,"2,682.00",,,,,
0x9b08cf4caaa21fba29f780a04fcfebba6f926f54,cryptaar0n,"4,000","3,600","2,336.00","2,736.00",,,,,
0x9c1ed1428a5f6375d3505d5e46680d5a1afacb73,maverick_r01,"11,600","10,440","1,587.16","2,747.16",,,,,
0x868255d70a046207bfe85b4650b932c69a10eda3,pietrus914,"7,000","6,300","2,072.00","2,772.00",,,,,
0xab66de525dced311d3669fc8390c0298ef12f5d9,Jackpotnl,"80,800","73,920","-4,097.50","2,782.50",,,,,
0xf357f1e26626c416708461e1af99c45c9a5afe6a,CryptoCow8,"14,600","13,140","1,428.10","2,888.10",,,,,
0x4d8567ea5aff58fad3f05aac49b06d2c64c97a10,kkrglyt114,"20,600","18,540",916.30,"2,976.30",,,,,
EranEl,EranEl,"30,000","28,500","1,492.50","2,992.50",,,,,
0x93b3e40bc9ed7a732dcba065b89cc8a739b00749,LeonWong_ETH,"10,300","9,270","1,977.80","3,007.80",,,,,
0x5c3bf81a3fcc98aea20a6be4234d9e730bcc1d16,raykobg,"32,700","29,430",-68.70,"3,201.30",,,,,
0xa7729508b70b3b6fae9b233e32995ee785fcaec5,cryptokamelion,"13,700","12,330","1,937.50","3,307.50",,,,,
0x50e20d00f4d6d0203a3a4c50eac893fa8c1097bb,nimesh2000,"25,100","22,590",856.90,"3,366.90",,,,,
Ayub,Ayub,"108,752","97,877","-7,161.32","3,713.90",,,,,
0x0cdc902f4448b51289398261db41e8adc99be955,awesomeprincepsII,"200,000","186,000","-10,280.00","3,720.00",,,,,
0x9788a4504e05aba7fa1950477bd12ffe572bca49,alia183,"5,400","4,860","3,414.54","3,954.54",,,,,
0xc81a307846a918dc40972c5573ef8a544649026a,ahujarajat261,"10,000","9,000","2,960.00","3,960.00",,,,,
0x7f57c5af045568c67ef7cbfc5c047bf21d999393,topgun80,"64,000","57,600","-2,329.48","4,070.52",,,,,
0x8f785670f5b4b270e05c2c6b908b0fd1964eae3e,SamiuLt2,"16,600","14,940","3,785.90","5,445.90",,,,,
0x15154105ece83fe27c6c0384215060f0c216bbde,WarpCipher,"45,000","40,500","1,332.00","5,832.00",,,,,
0x8d5ba2b764356ddc9997fed94dcf83367e8a10a2,burekmaker,"39,000","35,100","1,935.60","5,835.60",,,,,
0x2899e8263097f66c82d4ba0d5202c9c43d0d6908,CivilianGuy,"12,600","11,340","5,736.60","6,996.60",,,,,
0x10e06bc8706a7946ada25c200e01b8fcee739933,Rkay70110,"168,400","151,560","-8,893.00","7,947.00","10,000",,,,
0x442f2aae5e0e0baa73386d090a3e00500abb4c3d,cosmingeorges,"344,556","317,106","-19,418.40","8,031.60",,,,,
0x61b0fa9c2d0b4f23176ed89a89c2b6d1c1635dea,rocketki,"41,900","37,710","4,765.40","8,955.40",,,,,
0x12fbe87ca2674036a9d5d6cf2593043efbee1a6c,mtcrypt0,"10,000","9,000","10,790.00","11,790.00",,,,,
0x19074c9d3186f7b70d684252989d5debab88235a,raulcor,"45,500","40,950","7,772.80","12,322.80",,,,,
0x2561a222dd48539a18b9e4dd31fb11e897fa1d86,Thiagomoour,"436,000","397,080","-24,054.70","14,865.30",,,,,
0x916679b15669f90c74946821a5414d376d9ddb54,RaAres,"50,000","45,000","14,800.00","19,800.00",,,,,
0x2717954bf63051556664429c2bf85d185a937204,S_U_N_T_Z_U,"97,000","87,300","10,622.00","20,322.00",,,,,
0x741930644e1db284e88318ba78f95b5b1ab9abc4,Maheshkumar_selvaraj,"58,945","54,586","16,797.42","21,156.92",,,,,
0xc0ac59acc703b8a5fa79d274230eb87b3332cbea,sonho286,"66,000","59,400","15,181.45","22,109.22",,,,,
0x6a30d627c278ac3137686c18d9a785adc273ebed,firefox54,"83,000","74,700","16,955.80","25,255.80",,,,,
Degen,Degen,"266,718","251,240","11,016.40","26,494.40",,,,,
Simbaaa4,Simbaaa4,"427,200","400,500","1,335.00","28,035.00",,,,,
0x8eda3fa7c475ec24376a83e4f034b2d1acf95829,snakeshitfakeshit,"103,400","93,060","17,853.40","28,193.40",,,,,
0x6e151e7d2799f4eb46c062ca200e66e21d0f1ee7,iamyenox,"150,000","135,000","13,800.00","28,800.00",,,,,
KOL Capital,KOL Capital,"88,000","88,000","34,320.00","34,320.00",,,,,
0x54dc6782d6fc5fc05f8486d365186ff25cc44ba7,bonushark,"30,000","27,000","32,370.00","35,370.00",,,,,
0xad58eef2df02a7fb35d65552a14aea2fb5a2a993,nodoma,"123,300","110,970","23,174.10","35,504.10",,,,,
0x19e770b6027fbd133f7fce1fb4e2047d105b7ad6,steadyladscapital,"100,000","90,000","29,600.00","39,600.00",,,,,
0xd3daa5f0d96f806a369b2adb1c14b93ce3e73dc6,biso71,"313,000","281,700","12,845.00","44,145.00",,,,,
0x3a336ac39a830bf5c11985c8bbc14168d4eeed95,pangpangcrypto,"120,737","111,837","42,702.08","51,602.08",,,,,
0xd868ea7cf6e655491cafa944e6703f081468b162,crypto_scalper,"210,000","189,000","45,097.80","66,097.80",,,,,
0xf6dfcd838cb7d9a46e9523b44d406992db78995c,realsc0t,"170,400","153,360","56,245.20","73,285.20",,,,,
ICO_Labs_CEO,ICO_Labs_CEO,"200,000","184,000","76,000.00","92,000.00",,,,,
Knights Capital,Knights Capital,"315,000","299,250","115,920.00","131,670.00",,,,,
Evan Luthra,Evan Luthra,"2,620,000","2,534,250","107,180.00","192,930.00",,,,,
Terranova,Terranova,"827,000","777,380","145,911.28","195,531.28",,,,,
Acquanow,Acquanow,"1,750,000","1,627,500","264,380.00","386,880.00",,,,,
Rebel,Rebel,"1,594,747","1,525,000","566,450.50","657,933.00",,,,,
Grand Total,,"89,687,063","83,770,636","-26,878,830.79","-20,964,126.88","2,724,126",,,,
,,,,,,,,,,
,,,,,,,,"-2,095,830.97",,
,,,,,,,"-20,711,369.05",,,